{
  "description": "项目配置文件",
  "packOptions": {
    "ignore": []
  },
  "setting": {
    "urlCheck": false,
    "es6": true,
    "enhance": false,
    "postcss": true,
    "preloadBackgroundData": false,
    "minified": true,
    "newFeature": true,
    "coverView": true,
    "nodeModules": true,
    "autoAudits": false,
    "showShadowRootInWxmlPanel": true,
    "scopeDataCheck": false,
    "uglifyFileName": true,
    "checkInvalidKey": true,
    "checkSiteMap": true,
    "uploadWithSourceMap": true,
    "compileHotReLoad": false,
    "useMultiFrameRuntime": false,
    "useApiHook": false,
    "babelSetting": {
      "ignore": [],
      "disablePlugins": [],
      "outputPath": ""
    },
    "useIsolateContext": true,
    "useCompilerModule": true,
    "userConfirmedUseCompilerModuleSwitch": false,
    "packNpmManually": false,
    "packNpmRelationList": [],
    "remoteDebugLogEnable": false,
    "sourcemapDisabled": true,
    "useAlphaLib": true
  },
  "compileType": "miniprogram",
  "libVersion": "2.13.0",
  "appid": "wx74804bb099a003fc",
  "projectname": "QSDUST",
  "debugOptions": {
    "hidedInDevtools": []
  },
  "isGameTourist": false,
  "qqappid": "1109798044",
  "scripts": {
    "beforeCompile": "",
    "beforePreview": "",
    "beforeUpload": ""
  },
  "simulatorType": "wechat",
  "simulatorPluginLibVersion": {},
  "condition": {
    "search": {
      "current": -1,
      "list": []
    },
    "conversation": {
      "current": -1,
      "list": []
    },
    "plugin": {
      "current": -1,
      "list": []
    },
    "game": {
      "list": []
    },
    "miniprogram": {
      "current": 2,
      "list": [
        {
          "id": 0,
          "name": "时间",
          "pathName": "pages/Study/Time/time",
          "query": "",
          "scene": null
        },
        {
          "id": 1,
          "name": "INDEX",
          "pathName": "pages/Index/index",
          "query": "",
          "scene": ""
        },
        {
          "id": -1,
          "name": "公众号",
          "pathName": "pages/Home/InterWork/interwork",
          "scene": null
        }
      ]
    }
  }
}