{
	"description": "项目配置文件",
	"packOptions": {
		"ignore": []
	},
	"setting": {
		"urlCheck": false,
		"es6": true,
		"enhance": false,
		"postcss": true,
		"preloadBackgroundData": false,
		"minified": true,
		"newFeature": true,
		"coverView": true,
		"nodeModules": false,
		"autoAudits": false,
		"showShadowRootInWxmlPanel": true,
		"scopeDataCheck": false,
		"uglifyFileName": true,
		"checkInvalidKey": true,
		"checkSiteMap": true,
		"uploadWithSourceMap": true,
		"compileHotReLoad": false,
		"babelSetting": {
			"ignore": [],
			"disablePlugins": [],
			"outputPath": ""
		},
		"useIsolateContext": true,
		"useCompilerModule": false,
		"userConfirmedUseCompilerModuleSwitch": false,
		"packNpmManually": false,
		"packNpmRelationList": [],
		"useMultiFrameRuntime": false,
		"useApiHook": false
	},
	"compileType": "miniprogram",
	"libVersion": "2.6.0",
	"appid": "wx76907d76de9d2a76",
	"projectname": "westu%2B",
	"debugOptions": {
		"hidedInDevtools": []
	},
	"isGameTourist": false,
	"qqappid": "1109562205",
	"simulatorType": "wechat",
	"simulatorPluginLibVersion": {},
	"condition": {
		"search": {
			"current": -1,
			"list": []
		},
		"conversation": {
			"current": -1,
			"list": []
		},
		"plugin": {
			"current": -1,
			"list": []
		},
		"game": {
			"currentL": -1,
			"list": []
		},
		"gamePlugin": {
			"current": -1,
			"list": []
		},
		"miniprogram": {
			"current": 8,
			"list": [
				{
					"id": -1,
					"name": "模拟更新",
					"pathName": "pages/index/index",
					"query": "",
					"scene": null
				},
				{
					"id": 1,
					"name": "sharekb",
					"pathName": "pages/core/kb/sumckb",
					"query": "view=kb-2017级口腔医学专业本科班&abbr= 2017级口腔医学专业本科班",
					"scene": null
				},
				{
					"id": -1,
					"name": "ykt",
					"pathName": "pages/core/ykt/ykt",
					"query": "",
					"scene": null
				},
				{
					"id": 3,
					"name": "pages/core/kb/append/edit",
					"pathName": "pages/core/kb/append/edit",
					"query": "index=add&url=list",
					"scene": null
				},
				{
					"id": -1,
					"name": "track_login",
					"pathName": "pages/index/index",
					"query": "from=wetrack",
					"scene": 1037,
					"referrerInfo": {
						"appId": "wx76907d76de9d2a76",
						"extraData": "{}"
					}
				},
				{
					"id": 5,
					"name": "pages/core/ping/sumc/list",
					"pathName": "pages/core/ping/sumc/list",
					"query": "",
					"scene": null
				},
				{
					"id": 6,
					"name": "kblist",
					"pathName": "pages/core/kb/append/list",
					"query": "",
					"scene": null
				},
				{
					"id": -1,
					"name": "sumcclass",
					"pathName": "pages/core/class/class",
					"query": "",
					"scene": null
				},
				{
					"id": 8,
					"name": "pages/core/ping/list",
					"pathName": "pages/core/ping/list",
					"query": "",
					"scene": null
				},
				{
					"id": 9,
					"name": "pages/news/list",
					"pathName": "pages/news/list",
					"query": "",
					"scene": null
				},
				{
					"id": 10,
					"name": "pages/core/ck/ck",
					"pathName": "pages/core/ck/ck",
					"query": "",
					"scene": null
				},
				{
					"id": -1,
					"name": "pages/core/kb/kb",
					"pathName": "pages/core/kb/kb",
					"scene": null
				}
			]
		}
	}
}